mirnaid,refseqid,genesymbol,duplex,start,end,bindingp,energy,seed,accessibility,au,phylopstem,phylopflank,me,number_of_pairings,binding_region_length,longest_consecutive_pairings,position,validated,TargetScan,miRDB
hsa-let-7d-3p,NM_001277764,CIB1,CTATACGACCTGCTGCCTTTCT#GGCTGTCCCCGTGGGAGGGTGTGAGGATGAAGGGGCAGCAGGAGGTGTGGG#((((((..((((((((((((..#.))))))))))))..)))))).,1115,1166,1.0,-30.2,0,0.001129965,0.368,-0.3976974833333334,-0.1581093637499999,-7.794895910253615,18,22,12,3UTR,,0,0
hsa-let-7d-3p,NM_020340,ARFGEF3,CTATACGACCTGCTGCCTTTCT#GGGAAGGGAGCAGGGAGTGTGGG#((((((..((((((.(((((((#))))))).))))))..)))))).,7676,7699,1.0,-31.7,0,0.1038853,0.485,1.973257142857143,0.2990072025,-8.530345470504251,19,23,7,3UTR,,0,0
hsa-let-7d-3p,NM_006384,CIB1,CTATACGACCTGCTGCCTTTCT#GGCTGTCCCCGTGGGAGGGTGTGAGGATGAAGGGGCAGCAGGAGGTGTGGG#((((((..((((((((((((..#.))))))))))))..)))))).,995,1046,1.0,-30.2,0,0.001129965,0.368,0.0,0.0,-7.794895910253615,18,22,12,3UTR,,0,0
hsa-let-7d-3p,NM_001286471,DGLUCY,CTATACGACCTGCTGCCTTTCT#AGGAGGGCAGCAGGTTGA#.....(((((((((((((((((#))))))))))))))))).,433,451,1.0,-30.8,0,0.02226638,0.529,0.1609925941176471,-0.1017972675000001,-13.6655996434504,17,18,17,5UTR,,0,0
hsa-let-7d-3p,NM_033116,NEK9,CTATACGACCTGCTGCCTTTCT#AGGAGGGCAGCAGGTGGG#.....(.(((((((((((((((#))))))))))))))).).,2931,2949,1.0,-30.0,0,0.03233899,0.529,0.54581414,0.1411962424999999,-15.20928617832172,16,18,15,CDS,,0,0
hsa-let-7d-3p,NM_199235,COLEC11,CTATACGACCTGCTGCCTTTCT#AGAAAGGCAGTGTGGGTCGTCATGGA#((((((((((((((((((((((#)))))))))))..))))))).)))).,385,411,1.0,-30.8,1,0.0002213797,0.5,0.0,0.0,-3.937574446201665,22,26,11,CDS,,0,0
hsa-let-7d-3p,XM_005268209,NEK9,CTATACGACCTGCTGCCTTTCT#AGGAGGGCAGCAGGTGGG#.....(.(((((((((((((((#))))))))))))))).).,2778,2796,1.0,-30.0,0,0.03233899,0.529,0.0,0.0,-15.20928617832172,16,18,15,CDS,,0,0
hsa-let-7d-3p,NM_015254,KIF13B,CTATACGACCTGCTGCCTTTCT#GGAGAGGTGGCAGGTCGG#.....(((((((((((((((((#))))))))))))))))).,2514,2532,1.0,-31.0,0,1.259449e-05,0.412,0.0,0.0,-13.6655996434504,17,18,17,CDS,,0,0
hsa-let-7d-3p,NM_024027,COLEC11,CTATACGACCTGCTGCCTTTCT#AGAAAGGCAGTGTGGGTCGTCATGGA#((((((((((((((((((((((#)))))))))))..))))))).)))).,306,332,1.0,-30.8,1,0.0006709228,0.5,4.727496328,4.534988706250001,-3.937574446201665,22,26,11,CDS,,0,0
hsa-let-7d-3p,NM_001329237,NEK9,CTATACGACCTGCTGCCTTTCT#AGGAGGGCAGCAGGTGGG#.....(.(((((((((((((((#))))))))))))))).).,2967,2985,1.0,-30.0,0,0.03233899,0.529,0.0,0.0,-15.20928617832172,16,18,15,CDS,,0,0
hsa-let-7d-3p,NM_001329238,NEK9,CTATACGACCTGCTGCCTTTCT#AGGAGGGCAGCAGGTGGG#.....(.(((((((((((((((#))))))))))))))).).,2729,2747,1.0,-30.0,0,0.03233899,0.529,0.0,0.0,-15.20928617832172,16,18,15,CDS,,0,0
hsa-let-7d-3p,NM_001004334,GPR179,CTATACGACCTGCTGCCTTTCT#AGATGCTTCTGACAGAAGCAGAGGCAGTTCTGAGGCAGCAGGCAGTGTGGA#((((((..(((((((((((...#.)))))))))))..)))))).,6439,6490,1.0,-30.3,0,0.02694771,0.397,0.0,0.0,-7.794895910253615,17,21,11,CDS,,0,0
hsa-let-7d-3p,NM_001255985,COLEC11,CTATACGACCTGCTGCCTTTCT#AGAAAGGCAGTGTGGGTCGTCATGGA#((((((((((((((((((((((#)))))))))))..))))))).)))).,476,502,1.0,-30.8,1,0.0006709228,0.5,4.727496328,4.534988706250001,-3.937574446201665,22,26,11,CDS,,0,0
hsa-let-7d-3p,NM_001255986,COLEC11,CTATACGACCTGCTGCCTTTCT#AGAAAGGCAGTGTGGGTCGTCATGGA#((((((((((((((((((((((#)))))))))))..))))))).)))).,285,311,1.0,-30.8,1,0.0006709228,0.5,4.727496328,4.534988706250001,-3.937574446201665,22,26,11,CDS,,0,0
hsa-let-7d-3p,NM_001255987,COLEC11,CTATACGACCTGCTGCCTTTCT#AGAAAGGCAGTGTGGGTCGTCATGGA#((((((((((((((((((((((#)))))))))))..))))))).)))).,213,239,1.0,-30.8,1,0.0007196928,0.5,4.727496328,2.952389226250001,-3.937574446201665,22,26,11,CDS,,0,0
